,fixed acidity,volatile acidity,citric acid,residual sugar,chlorides,free sulfur dioxide,total sulfur dioxide,density,pH,sulphates,alcohol
count,1087.0,1087.0,1087.0,1087.0,1087.0,1087.0,1087.0,1087.0,1087.0,1087.0,1087.0
mean,8.317847286108556,0.5267295308187673,0.27654093836246546,2.5371205151793927,0.08799264029438822,15.729990800367986,46.39098436062557,0.9967198344066237,3.3093284268629253,0.6593652253909844,10.443192272309108
std,1.7396030967722835,0.18395766408336964,0.19338744859639964,1.3881137377082857,0.0491022155314223,10.070858635008443,32.643320927074896,0.0018842923869297023,0.15405808904080362,0.1702307555466876,1.0962233848855159
min,4.6,0.12,0.0,0.9,0.034,1.0,7.0,0.99007,2.74,0.33,8.4
25%,7.1,0.39,0.1,1.9,0.07,7.0,22.0,0.99557,3.21,0.55,9.5
50%,7.9,0.51,0.26,2.2,0.079,14.0,38.0,0.9967,3.31,0.62,10.2
75%,9.2,0.6375,0.43,2.6,0.09,21.0,62.0,0.9978499999999999,3.4,0.73,11.1
max,15.9,1.58,1.0,15.5,0.611,68.0,278.0,1.00369,4.01,2.0,14.9
