,fixed acidity,volatile acidity,citric acid,residual sugar,chlorides,free sulfur dioxide,total sulfur dioxide,density,pH,sulphates,alcohol
count,1087.0,1087.0,1087.0,1087.0,1087.0,1087.0,1087.0,1087.0,1087.0,1087.0,1087.0
mean,8.311315547378106,0.5323229070837167,0.2729530818767249,2.518721251149954,0.08913983440662374,16.014719411223552,47.19043238270469,0.9967382060717569,3.3098896044158237,0.6594388224471021,10.409736277215577
std,1.7280991640470627,0.1869260636661697,0.19550006854778232,1.3766490270851508,0.051589975266895134,10.579492327575407,33.41867868680611,0.001850449997990862,0.15560369796971643,0.17300389525440674,1.0712238210044893
min,4.6,0.12,0.0,0.9,0.012,1.0,6.0,0.99007,2.74,0.33,8.4
25%,7.1,0.39,0.1,1.9,0.07,7.5,22.0,0.99565,3.21,0.55,9.5
50%,7.9,0.52,0.26,2.2,0.079,14.0,38.0,0.99672,3.31,0.62,10.2
75%,9.2,0.645,0.425,2.6,0.091,22.0,63.0,0.99786,3.4,0.73,11.03333333333335
max,15.9,1.58,1.0,15.5,0.611,72.0,289.0,1.00369,4.01,2.0,14.9
