,fixed acidity,volatile acidity,citric acid,residual sugar,chlorides,free sulfur dioxide,total sulfur dioxide,density,pH,sulphates,alcohol
count,1087.0,1087.0,1087.0,1087.0,1087.0,1087.0,1087.0,1087.0,1087.0,1087.0,1087.0
mean,8.376632934682613,0.5326080956761728,0.2789144434222632,2.5568077276908925,0.08919503219871204,16.2557497700092,47.97746090156394,0.9967790064397423,3.3060257589696413,0.6620791168353266,10.43017479300828
std,1.752306156486302,0.18625311261877578,0.19626747037987982,1.358743130226072,0.05062255749216712,10.819245758746588,34.351579720217856,0.0018631045811862818,0.15380332110407,0.17323618150348408,1.0822950306475734
min,4.6,0.16,0.0,0.9,0.034,1.0,6.0,0.99007,2.74,0.37,8.4
25%,7.2,0.39,0.1,1.9,0.07,7.0,22.0,0.99566,3.21,0.55,9.5
50%,8.0,0.52,0.26,2.2,0.08,14.0,39.0,0.9968,3.3,0.62,10.1
75%,9.3,0.64,0.44,2.6,0.092,22.0,65.0,0.9978750000000001,3.4,0.73,11.1
max,15.9,1.58,1.0,15.4,0.611,72.0,289.0,1.00369,4.01,2.0,14.9
