,fixed acidity,volatile acidity,citric acid,residual sugar,chlorides,free sulfur dioxide,total sulfur dioxide,density,pH,sulphates,alcohol
count,1087.0,1087.0,1087.0,1087.0,1087.0,1087.0,1087.0,1087.0,1087.0,1087.0,1087.0
mean,8.28656853725851,0.533656853725851,0.2718307267709292,2.5548758049678013,0.08880496780128794,16.148114075436983,47.34084636614536,0.9967004783808646,3.311186752529899,0.6591904323827047,10.429086169886537
std,1.7343628920952374,0.18650176633401838,0.19766187820961698,1.4090568525943725,0.05203726753844101,10.696859043725848,34.17173029568255,0.0018790762569444786,0.1574233394925176,0.16870181279257138,1.0732000473141166
min,4.6,0.16,0.0,0.9,0.012,1.0,6.0,0.99007,2.74,0.33,8.4
25%,7.1,0.395,0.09,1.9,0.07,7.0,22.0,0.9956,3.2,0.55,9.5
50%,7.9,0.52,0.26,2.2,0.079,14.0,38.0,0.9967,3.31,0.62,10.2
75%,9.1,0.64,0.43,2.6,0.091,22.0,64.0,0.9978,3.41,0.73,11.1
max,15.9,1.58,1.0,15.5,0.611,72.0,289.0,1.00369,4.01,2.0,14.9
