,fixed acidity,volatile acidity,citric acid,residual sugar,chlorides,free sulfur dioxide,total sulfur dioxide,density,pH,sulphates,alcohol
count,1087.0,1087.0,1087.0,1087.0,1087.0,1087.0,1087.0,1087.0,1087.0,1087.0,1087.0
mean,8.286660533578656,0.5309245630174793,0.26939282428702854,2.517479300827967,0.0864489420423183,15.774149034038638,47.05059797608096,0.996711885924563,3.3124839006439744,0.6541490340386384,10.421542471634469
std,1.7306777480309168,0.17909763537375623,0.1932221673414957,1.33739008542506,0.042882306235861596,10.278815830099925,33.197192756564476,0.0018710517998718093,0.15503190863939323,0.15822911523017696,1.0833466696115914
min,4.6,0.16,0.0,0.9,0.012,1.0,6.0,0.99007,2.86,0.33,8.4
25%,7.1,0.3925,0.09,1.9,0.07,7.0,22.0,0.99562,3.21,0.55,9.5
50%,7.9,0.52,0.26,2.2,0.079,14.0,38.0,0.99674,3.31,0.62,10.1
75%,9.149999999999999,0.64,0.42,2.6,0.09,21.0,63.0,0.997825,3.4,0.72,11.1
max,15.9,1.33,0.79,15.5,0.464,72.0,278.0,1.00369,4.01,1.98,14.9
